{
  "__version__": "1.0.0",
  "current-scene": "127d7348-d43d-46d5-bb17-8678928b6a94",
  "gizmos-infos": {
    "is2D": true,
    "is3DIcon": false,
    "iconSize": 2,
    "gridVisible": true,
    "gridColor": [
      150,
      150,
      150,
      255
    ],
    "isIconGizmo3D": false,
    "iconGizmoSize": 2,
    "isGridVisible": true
  },
  "camera-infos": {
    "f46876e4-e81b-4931-b493-6d367be385e7": {
      "position": {
        "x": 360,
        "y": 640,
        "z": 5000
      },
      "rotation": {
        "x": 0,
        "y": 0,
        "z": 0,
        "w": 1
      },
      "viewCenter": {
        "x": 0,
        "y": 0,
        "z": 0
      }
    },
    "e85e6b88-33fa-47e2-9d82-c1bc18696ce0": {
      "position": {
        "x": 137.5168851355492,
        "y": 137.51688513554922,
        "z": 137.51688513554927
      },
      "rotation": {
        "x": -0.27984814233312133,
        "y": 0.3647051996310009,
        "z": 0.11591689595929514,
        "w": 0.8804762392171493
      },
      "viewCenter": {
        "x": 0,
        "y": 0,
        "z": 0
      }
    },
    "127d7348-d43d-46d5-bb17-8678928b6a94": {
      "position": {
        "x": 360,
        "y": 640,
        "z": 5000
      },
      "rotation": {
        "x": 0,
        "y": 0,
        "z": 0,
        "w": 1
      },
      "viewCenter": {
        "x": 0,
        "y": 0,
        "z": 0
      }
    },
    "3002aa1c-6385-4a59-b6f6-2110e8f1325b": {
      "position": {
        "x": 19.364516460691817,
        "y": 19.36451646069183,
        "z": 19.36451646069184
      },
      "rotation": {
        "x": -0.27984814233312133,
        "y": 0.3647051996310009,
        "z": 0.11591689595929514,
        "w": 0.8804762392171493
      },
      "viewCenter": {
        "x": 0,
        "y": 0,
        "z": 0
      }
    },
    "3d5253f7-9c5e-407a-bafe-ba4ac6c729df": {
      "position": {
        "x": 149.2626844667601,
        "y": 98.42093537504763,
        "z": 45.61903231885705
      },
      "rotation": {
        "x": -0.11958759585992558,
        "y": 0.7634114395235927,
        "z": 0.14789947160308306,
        "w": 0.6172742722813643
      },
      "viewCenter": {
        "x": 143.92130635695975,
        "y": 96.22187738337274,
        "z": 46.76254767779079
      }
    },
    "de1729fc-f210-4cff-8a5a-4c50335a732d": {
      "position": {
        "x": 10.04532587472677,
        "y": 11.982251438480363,
        "z": 13.7662572620508
      },
      "rotation": {
        "x": -0.25325080472570405,
        "y": 0.20600100848339375,
        "z": 0.05678052086928924,
        "w": 0.9435060078524149
      },
      "viewCenter": {
        "x": 0,
        "y": 0,
        "z": 0
      }
    },
    "dfb9aa98-c561-4c0d-84a4-3c7dc8990040": {
      "position": {
        "x": -19.85530496493206,
        "y": 4.756071324350834,
        "z": 5.430708425638806
      },
      "rotation": {
        "x": -0.1252852730068696,
        "y": -0.40773845593692515,
        "z": -0.05659039627140802,
        "w": 0.902690688414589
      },
      "viewCenter": {
        "x": -0.7936708821030223,
        "y": -2.434472411243086,
        "z": -11.364535936704513
      }
    },
    "4eAr2ygfRD44Hb4c+JBi3n": {
      "position": {
        "x": -2.5002677913310754,
        "y": 3.1393804226916657,
        "z": 1.3682054032875954
      },
      "rotation": {
        "x": -0.050671295283734055,
        "y": -0.5007854679014246,
        "z": -0.029383770333787872,
        "w": 0.8635872125865081
      },
      "viewCenter": {
        "x": 0,
        "y": 0,
        "z": 0
      }
    },
    "beoqrdiiNFN5jOR5rYNZI5": {
      "position": {
        "x": -2.5002677913310754,
        "y": 3.1393804226916657,
        "z": 1.3682054032875954
      },
      "rotation": {
        "x": -0.050671295283734055,
        "y": -0.5007854679014246,
        "z": -0.029383770333787872,
        "w": 0.8635872125865081
      },
      "viewCenter": {
        "x": 14.597216530860162,
        "y": 0.8196622744157107,
        "z": -8.416475777387248
      }
    },
    "11h2bk7gdBCamTNmJ3Xpn6": {
      "position": {
        "x": -6.046910614181443,
        "y": 5.253972859834132,
        "z": 4.465322625865896
      },
      "rotation": {
        "x": -0.1523984159148578,
        "y": -0.5397615185071518,
        "z": -0.10009155902586636,
        "w": 0.8218356891474897
      },
      "viewCenter": {
        "x": -3.38797730115981,
        "y": 4.141140254520705,
        "z": 3.3142505652890457
      }
    }
  },
  "camera-uuids": [
    "f46876e4-e81b-4931-b493-6d367be385e7"
  ],
  "float-window": {
    "position": {
      "cc": {
        "Camera": {
          "dock": false,
          "top": null,
          "bottom": 10,
          "left": null,
          "right": 10
        },
        "ParticleSystem": {
          "dock": false,
          "top": null,
          "bottom": 10,
          "left": null,
          "right": 10
        }
      }
    }
  }
}
